{"nombre":"SESSION_START","tiempo":3.295504093170166,"sesion":1857540105968444532}
{"questionID":"0","answer":"2:12-18 años"}
{"questionID":"1","answer":"3"}
{"questionID":"2","answer":"0 (0) 1 (0) 2 (0) 3 (0) 4 (0) 5 (0) "}
{"questionID":"9","answer":"prueba"}
{"nombre":"TEST_END","tiempo":25.484384536743165,"sesion":1857540105968444532}
{"nombre":"DEATH","tiempo":26.547027587890626,"sesion":1857540105968444532,"x":-18.360435485839845,"y":-0.27783966064453127,"z":-0.07912386953830719}
{"nombre":"DEATH","tiempo":26.666881561279298,"sesion":1857540105968444532,"x":17.237638473510743,"y":-0.3208789825439453,"z":-0.07912386953830719}
{"nombre":"DEATH","tiempo":26.68148422241211,"sesion":1857540105968444532,"x":19.910728454589845,"y":-0.27044105529785159,"z":-0.07912386953830719}
{"nombre":"DEATH","tiempo":26.725727081298829,"sesion":1857540105968444532,"x":17.104459762573243,"y":-0.32304954528808596,"z":-0.07912386953830719}
{"nombre":"DEATH","tiempo":26.726531982421876,"sesion":1857540105968444532,"x":-18.36051368713379,"y":-0.2802734375,"z":-0.07912386953830719}
{"nombre":"DEATH","tiempo":27.043148040771486,"sesion":1857540105968444532,"x":-18.360639572143556,"y":-0.2820901870727539,"z":-0.07912386953830719}
{"nombre":"DEATH","tiempo":27.080951690673829,"sesion":1857540105968444532,"x":19.910785675048829,"y":-0.26607608795166018,"z":-0.07912386953830719}
{"nombre":"DEATH","tiempo":27.202045440673829,"sesion":1857540105968444532,"x":-0.9403685927391052,"y":-0.24008655548095704,"z":-0.07912386953830719}
{"nombre":"DEATH","tiempo":27.244718551635743,"sesion":1857540105968444532,"x":-18.360570907592775,"y":-0.26844215393066409,"z":-0.07912386953830719}
{"nombre":"DEATH","tiempo":27.359609603881837,"sesion":1857540105968444532,"x":-18.365856170654298,"y":-0.2507591247558594,"z":-0.07912386953830719}
{"nombre":"DEATH","tiempo":27.442378997802736,"sesion":1857540105968444532,"x":19.911033630371095,"y":-0.24785709381103517,"z":-0.07912386953830719}
{"nombre":"DEATH","tiempo":27.540260314941408,"sesion":1857540105968444532,"x":-17.188880920410158,"y":-0.260498046875,"z":-0.07912386953830719}
{"nombre":"DEATH","tiempo":27.564342498779298,"sesion":1857540105968444532,"x":-18.361238479614259,"y":-0.26575279235839846,"z":-0.07912386953830719}
{"nombre":"DEATH","tiempo":28.000343322753908,"sesion":1857540105968444532,"x":19.93198585510254,"y":-0.2395172119140625,"z":-0.07912386953830719}
{"nombre":"DEATH","tiempo":29.845565795898439,"sesion":1857540105968444532,"x":19.91993522644043,"y":-0.2638893127441406,"z":-0.07912386953830719}
{"nombre":"DEATH","tiempo":30.144908905029298,"sesion":1857540105968444532,"x":19.920534133911134,"y":-0.26304149627685549,"z":-0.07912386953830719}
