{"nombre":"TEST_START","tiempo":9.482484817504883,"sesion":1548382506838583951}
{"nombre":"SESSION_START","tiempo":9.588536262512207,"sesion":1548382506838583951}
{"nombre":"TEST_END","tiempo":19.38845443725586,"sesion":1548382506838583951}
{"nombre":"DEATH","tiempo":20.622583389282228,"sesion":1548382506838583951,"x":1.3185725212097169,"y":-0.23709964752197267,"z":-0.07912386953830719}
{"nombre":"DEATH","tiempo":20.688777923583986,"sesion":1548382506838583951,"x":2.513666868209839,"y":-0.2726469039916992,"z":-0.07912386953830719}
{"nombre":"DEATH","tiempo":24.64192008972168,"sesion":1548382506838583951,"x":-18.37232208251953,"y":-0.2614269256591797,"z":-0.07912386953830719}
{"nombre":"SESSION_END","tiempo":28.67345428466797,"sesion":1548382506838583951}
