{"nombre":"SESSION_START","tiempo":3.6131956577301027,"sesion":2059254226227095771}
{"nombre":"TEST_START","tiempo":5.767126560211182,"sesion":2059254226227095771}
{"nombre":"TEST_END","tiempo":7.3861823081970219,"sesion":2059254226227095771}
{"nombre":"SESSION_END","tiempo":9.456459999084473,"sesion":2059254226227095771}
