{"nombre":"SESSION_START","tiempo":3.104525089263916,"sesion":4420874210269883660}
{"nombre":"SESSION_END","tiempo":32.0047721862793,"sesion":4420874210269883660}
