{"nombre":"SESSION_START","tiempo":4.3646345138549809,"sesion":5668246428028294713}
{"nombre":"DEATH","tiempo":7.4941816329956059,"sesion":5668246428028294713,"x":0.050768256187438968,"y":-0.2663917541503906,"z":-0.07912386953830719}
{"nombre":"DEATH","tiempo":8.14245891571045,"sesion":5668246428028294713,"x":0.050768256187438968,"y":-0.2663917541503906,"z":-0.07912386953830719}
{"nombre":"DEATH","tiempo":8.76108169555664,"sesion":5668246428028294713,"x":0.050768256187438968,"y":-0.2663917541503906,"z":-0.07912386953830719}
{"nombre":"DEATH","tiempo":9.308613777160645,"sesion":5668246428028294713,"x":0.050768256187438968,"y":-0.2663917541503906,"z":-0.07912386953830719}
{"nombre":"DEATH","tiempo":9.882577896118164,"sesion":5668246428028294713,"x":0.050768256187438968,"y":-0.23709964752197267,"z":-0.07912386953830719}
{"nombre":"DEATH","tiempo":10.081618309020996,"sesion":5668246428028294713,"x":0.050768256187438968,"y":-0.27928638458251955,"z":-0.07912386953830719}
{"nombre":"DEATH","tiempo":10.218259811401368,"sesion":5668246428028294713,"x":0.050768256187438968,"y":-0.25435829162597659,"z":-0.07912386953830719}
{"nombre":"DEATH","tiempo":10.652494430541993,"sesion":5668246428028294713,"x":0.050768375396728519,"y":-0.25366783142089846,"z":-0.07912386953830719}
{"nombre":"DEATH","tiempo":10.789557456970215,"sesion":5668246428028294713,"x":0.05076766014099121,"y":-0.25489234924316409,"z":-0.07912386953830719}
{"nombre":"DEATH","tiempo":11.702746391296387,"sesion":5668246428028294713,"x":0.05077195167541504,"y":-0.2527446746826172,"z":-0.07912386953830719}
{"nombre":"SESSION_END","tiempo":22.08509063720703,"sesion":5668246428028294713}
