{"nombre":"SESSION_START","tiempo":3.479642391204834,"sesion":6096932452971527822}
{"nombre":"TEST_START","tiempo":3.5840580463409426,"sesion":6096932452971527822}
{"questionID":"","questionText":"Selecciona el rango de edad en el que te encuentras: ","answer":"0:0-5 años"}
{"nombre":"TEST_END","tiempo":8.124982833862305,"sesion":6096932452971527822}
{"nombre":"DEATH","tiempo":9.646688461303711,"sesion":6096932452971527822,"x":1.3185725212097169,"y":-0.23709964752197267,"z":-0.07912386953830719}
{"nombre":"DEATH","tiempo":9.702438354492188,"sesion":6096932452971527822,"x":2.513666868209839,"y":-0.2726469039916992,"z":-0.07912386953830719}
{"nombre":"DEATH","tiempo":13.663976669311524,"sesion":6096932452971527822,"x":-18.37232208251953,"y":-0.2614269256591797,"z":-0.07912386953830719}
{"nombre":"DEATH","tiempo":16.16254234313965,"sesion":6096932452971527822,"x":0.050768256187438968,"y":-0.29076385498046877,"z":-0.07912386953830719}
{"nombre":"DEATH","tiempo":16.263351440429689,"sesion":6096932452971527822,"x":0.050768256187438968,"y":-0.2471904754638672,"z":-0.07912386953830719}
{"nombre":"DEATH","tiempo":16.48250389099121,"sesion":6096932452971527822,"x":0.050768256187438968,"y":-0.2753438949584961,"z":-0.07912386953830719}
{"nombre":"DEATH","tiempo":16.702865600585939,"sesion":6096932452971527822,"x":0.05076932907104492,"y":-0.23709964752197267,"z":-0.07912386953830719}
{"nombre":"DEATH","tiempo":16.987407684326173,"sesion":6096932452971527822,"x":0.050768375396728519,"y":-0.28345298767089846,"z":-0.07912386953830719}
{"nombre":"DEATH","tiempo":18.903526306152345,"sesion":6096932452971527822,"x":0.05085194110870361,"y":-0.24288272857666017,"z":-0.07912386953830719}
{"nombre":"DEATH","tiempo":20.744155883789064,"sesion":6096932452971527822,"x":0.050768375396728519,"y":-0.2663917541503906,"z":-0.07912386953830719}
{"nombre":"DEATH","tiempo":22.982654571533204,"sesion":6096932452971527822,"x":0.050768375396728519,"y":-0.2663917541503906,"z":-0.07912386953830719}
{"nombre":"DEATH","tiempo":24.944255828857423,"sesion":6096932452971527822,"x":0.050768375396728519,"y":-0.2663917541503906,"z":-0.07912386953830719}
{"nombre":"SESSION_END","tiempo":26.076311111450197,"sesion":6096932452971527822}
