{"nombre":"TEST_START","tiempo":4.889451503753662,"sesion":6095037798240351287}
{"nombre":"SESSION_START","tiempo":5.015573024749756,"sesion":6095037798240351287}
{"nombre":"TEST_END","tiempo":12.3093900680542,"sesion":6095037798240351287}
{"nombre":"SESSION_END","tiempo":161.11500549316407,"sesion":6095037798240351287}
