{"nombre":"SESSION_START","tiempo":3.5121524333953859,"sesion":6290209418877255008}
{"nombre":"DEATH","tiempo":12.466029167175293,"sesion":6290209418877255008,"x":0.050768256187438968,"y":-0.23709964752197267,"z":-0.07912386953830719}
{"nombre":"DEATH","tiempo":12.661745071411133,"sesion":6290209418877255008,"x":0.050768375396728519,"y":-0.24376296997070313,"z":-0.07912386953830719}
{"nombre":"DEATH","tiempo":13.858858108520508,"sesion":6290209418877255008,"x":0.6457889080047607,"y":-0.2663917541503906,"z":-0.07912386953830719}
{"nombre":"DEATH","tiempo":14.15858268737793,"sesion":6290209418877255008,"x":2.9144580364227297,"y":-0.2663917541503906,"z":-0.07912386953830719}
{"nombre":"DEATH","tiempo":15.290679931640625,"sesion":6290209418877255008,"x":1.336212396621704,"y":-0.2590789794921875,"z":-0.07912386953830719}
{"nombre":"DEATH","tiempo":16.925235748291017,"sesion":6290209418877255008,"x":0.6900711059570313,"y":-0.2663917541503906,"z":-0.07912386953830719}
{"nombre":"DEATH","tiempo":17.127910614013673,"sesion":6290209418877255008,"x":1.539560079574585,"y":-0.23709964752197267,"z":-0.07912386953830719}
{"nombre":"DEATH","tiempo":17.329299926757814,"sesion":6290209418877255008,"x":-0.9655001163482666,"y":-0.28258514404296877,"z":-0.07912386953830719}
{"nombre":"DEATH","tiempo":17.663524627685548,"sesion":6290209418877255008,"x":-0.9692032337188721,"y":-0.2501993179321289,"z":-0.07912386953830719}
{"nombre":"DEATH","tiempo":18.295269012451173,"sesion":6290209418877255008,"x":-0.28784656524658205,"y":-0.2663917541503906,"z":-0.07912386953830719}
{"nombre":"DEATH","tiempo":18.629018783569337,"sesion":6290209418877255008,"x":1.2097430229187012,"y":-0.2663917541503906,"z":-0.07912386953830719}
{"nombre":"DEATH","tiempo":18.960664749145509,"sesion":6290209418877255008,"x":2.5425527095794679,"y":-0.25637054443359377,"z":-0.07912386953830719}
{"nombre":"DEATH","tiempo":19.25432586669922,"sesion":6290209418877255008,"x":2.809234857559204,"y":-0.2840156555175781,"z":-0.07912386953830719}
{"nombre":"DEATH","tiempo":19.46164321899414,"sesion":6290209418877255008,"x":1.8768861293792725,"y":-0.25957489013671877,"z":-0.07912386953830719}
{"nombre":"DEATH","tiempo":19.726743698120118,"sesion":6290209418877255008,"x":0.4768211841583252,"y":-0.2679319381713867,"z":-0.07912386953830719}
{"nombre":"DEATH","tiempo":19.924583435058595,"sesion":6290209418877255008,"x":-0.46728038787841799,"y":-0.26485157012939455,"z":-0.07912386953830719}
{"nombre":"DEATH","tiempo":55.49251174926758,"sesion":6290209418877255008,"x":18.203086853027345,"y":-0.2494335174560547,"z":-0.07912386953830719}
{"nombre":"SESSION_END","tiempo":200.26889038085938,"sesion":6290209418877255008}
