{"nombre":"SESSION_START","tiempo":2.8581502437591554,"sesion":7644259299870428764}
{"nombre":"TEST_START","tiempo":2.9468204975128176,"sesion":7644259299870428764}
{"questionID":"","questionText":"Selecciona el rango de edad en el que te encuentras: ","answer":"3:18-25 años"}
{"questionID":"","questionText":"Indica, siguiendo la siguiente escala, cual es tu experiencia jugando a videojuegos en general → 0(nunca he jugado) - 5 (soy jugador habitual)","answer":"3"}
{"nombre":"TEST_END","tiempo":8.86950969696045,"sesion":7644259299870428764}
{"nombre":"DEATH","tiempo":10.409018516540528,"sesion":7644259299870428764,"x":19.91063117980957,"y":-0.26563167572021487,"z":-0.07912386953830719}
{"nombre":"DEATH","tiempo":10.686346054077149,"sesion":7644259299870428764,"x":-18.3609561920166,"y":-0.2492208480834961,"z":-0.07912386953830719}
{"nombre":"DEATH","tiempo":12.89356803894043,"sesion":7644259299870428764,"x":19.91989517211914,"y":-0.2642974853515625,"z":-0.07912386953830719}
{"nombre":"DEATH","tiempo":12.969593048095704,"sesion":7644259299870428764,"x":-18.314271926879884,"y":-0.23709964752197267,"z":-0.07912386953830719}
{"nombre":"DEATH","tiempo":13.146294593811036,"sesion":7644259299870428764,"x":-18.369394302368165,"y":-0.2703742980957031,"z":-0.07912386953830719}
{"nombre":"DEATH","tiempo":13.166791915893555,"sesion":7644259299870428764,"x":19.920852661132814,"y":-0.26173973083496096,"z":-0.07912386953830719}
{"nombre":"SESSION_END","tiempo":13.400428771972657,"sesion":7644259299870428764}
