{"nombre":"SESSION_START","tiempo":2.890123128890991,"sesion":7811357143713691977}
{"nombre":"DEATH","tiempo":8.651844024658204,"sesion":7811357143713691977,"x":13.347652435302735,"y":4.6637396812438969,"z":0.0}
{"nombre":"SESSION_END","tiempo":21.70694351196289,"sesion":7811357143713691977}
