{"nombre":"SESSION_START","tiempo":3.0294435024261476,"sesion":831100505975403102}
{"nombre":"SESSION_END","tiempo":41.43586730957031,"sesion":831100505975403102}
